{
  "accuracy": 0.78,
  "precision": 0.6666666666666666,
  "recall": 0.5333333333333333,
  "f1": 0.5925925925925926,
  "roc_auc": 0.8040476190476191
}