{
  "accuracy": 0.765,
  "precision": 0.6857142857142857,
  "recall": 0.4,
  "f1": 0.5052631578947369,
  "roc_auc": 0.7893452380952382
}